Name,Smarts,Poise,Empathy,Charm,Sass
Abel,65,0,75,65,40
Airyn,65,100,85,0,0
Amir,20,40,60,80,50
Arma,80,80,65,0,25
Artt,100,0,100,50,0
Barry Styles,0,50,90,20,90
Bathsheba,0,40,60,50,100
Beau,60,90,0,70,30
Ben-hwa,0,100,0,50,100
Betty,0,0,100,75,75
Beverly,60,60,0,60,70
Bobby Pinn,40,40,40,65,65
Bodhi Windbreaker,25,15,10,100,100
Cabrizzio,60,50,40,100,0
Cam,70,80,80,10,10
Jacques,0,90,0,90,70
Celia,20,50,90,50,20
Chairemi,70,70,0,70,40
Chance,80,0,60,80,30
Connie,75,100,25,10,45
Curt & Rod,40,85,0,40,85
Daisuke,10,100,90,25,25
Dante,0,50,0,100,100
Dasha,35,100,25,35,55
Deenah-Daemon,1,1,1,1,1
Diana,65,65,65,55,0
Dirk-Clarence,80,0,0,80,90
Dishy,100,0,0,50,100
Dolly,100,0,70,0,80
Dorian,75,100,75,0,0
Doug,20,100,30,20,80
Drysdale,85,0,0,90,75
Dunk Shuttlecock,30,30,70,80,40
Eddie & Volt,65,0,85,15,85
Fantina,25,25,50,80,70
Farya,100,0,75,75,0
Florence,20,50,90,50,20
Freddy Yeti,45,65,20,40,80
Friar Errol,70,70,70,40,0
Gaia,85,20,65,20,60
Hanks,0,50,0,100,100
Harper,50,70,25,55,50
Hector,25,35,85,75,30
Henry Hoove,70,20,70,70,20
Hero Hime,35,65,35,65,50
Holly,60,60,60,40,30
I, Ronaldini,75,20,55,50,50
Jean-Loo Pissoir,50,100,0,0,100
Jerry,10,55,100,65,20
Johnny Splash,0,75,100,50,25
Keith,50,50,50,50,50
Keyes,85,85,20,35,25
Koa,10,80,100,40,20
Kopi,80,15,85,60,10
Kristof,70,100,80,0,0
Lady Memoria,0,80,80,30,60
Lucinda Lavish,1,1,1,1,1
Luke Nukem,80,80,80,5,5
Lux,0,50,0,100,100
Lyric,100,40,0,40,70
Mac,90,20,70,30,40
Maggie,100,45,0,75,30
Mateo Manta,5,45,100,100,0
Mikey Transaction,100,100,100,100,100
Miranda,0,0,70,90,90
Mitchell Linn,75,25,30,70,50
Monique,80,80,0,80,10
Nightmare,45,100,35,70,0
Parker Bradley,10,10,50,80,100
Penelope,80,20,70,40,40
Phoenicia,30,0,100,30,90
Prissy Plastique,65,80,30,20,55
Rainey,80,20,70,30,50
Rebel,0,70,40,40,100
Reggie,80,80,0,0,90
River,45,45,45,65,50
Rongomaiwhenua,80,70,60,40,0
Scandalabra,25,15,20,90,100
Shelley,50,50,50,50,50
Sinclaire,0,0,0,0,5
Skylar Specs,60,60,60,40,30
Sophia,30,85,20,15,100
Stefan,90,50,80,15,15
Stella,20,50,90,50,20
Stepford,65,70,10,90,15
Teddy,0,20,90,90,50
Telly,40,45,50,15,100
Textbox‑Chan,95,5,100,0,50
The Sassy Chap,45,30,30,45,100
Timothy Timepiece,90,15,45,65,35
Tina,80,60,40,60,80
Tony,20,50,40,60,80
Tydus Andromache,90,95,20,40,5
Tyrell,50,25,80,60,35
Vaughn Trapp,50,25,80,60,35
Wallace,20,100,80,50,0
Washford,15,100,100,10,25
Willi,70,40,25,60,55
Winnifred,80,20,55,60,35
Wyndolyn,45,55,85,35,30
xxXShadowL0rd420Xxx,70,60,40,10,70
Zoey Bennett,5,70,70,75,30
